title,Production company,Country,Language,Budget,Box office,Release date,Directed by,profit,Sum_profit_by_directed,count_title_by_directed,genre
101 Dalmatians,"['Walt Disney Pictures', 'Great Oaks Entertainment']",United States,English,75000000,320700000,1996-11-27,Stephen Herek,245700000,306400000,3,Comedy
102 Dalmatians,"['Walt Disney Pictures', 'Cruella Productions', 'Kanzaman S.A.M. Films']",United States,English,85000000,183600000,2000-11-22,Kevin Lima,98600000,354100000,2,Comedy
"20,000 Leagues Under the Sea",Walt Disney Productions,United States,English,5000000,28200000,1954-12-23,Richard Fleischer,23200000,23200000,1,Adventure
A Bug's Life,"['Walt Disney Pictures', 'Pixar Animation Studios']",United States,English,120000000,363300000,1998-11-20,John Lasseter,243300000,1697800000,5,Adventure
A Christmas Carol,"['Walt Disney Pictures', 'ImageMovers Digital']",United States,English,175000000,325000000,2009-11-03,Robert Zemeckis,150000000,150000000,1,Animation
A Kid in King Arthur's Court,"['Walt Disney Pictures', 'Trimark Pictures', 'Tapestry Films']","['United Kingdom', 'United States']",English,15000000,13400000,1995-08-11,Michael Gottlieb,-1600000,-1600000,1,Adventure
A Wrinkle in Time,,United States,English,100,133400000,2018-02-26,Ava DuVernay,133399900,133399900,1,Fantasy
African Cats,"['Disneynature', 'Fothergill / Scholey Productions', 'Silverback Films']","['United States', 'France', 'United Kingdom']","['English', 'French']",5000000,30900000,2011-04-22,"['Alastair Fothergill', 'Keith Scholey']",25900000,42200000,2,Documentary
Air Bud,"['Keystone Pictures', 'Buddy Films, Inc.']","['United States', 'Canada']",English,3000000,27800000,1997-08-01,Charles Martin Smith,24800000,24800000,1,Comedy
Aladdin,,United States,English,28000000,504100000,1992-11-25,"['John Musker', 'Ron Clements']",476100000,476100000,1,Comedy
"Alexander and the Terrible, Horrible, No Good, Very Bad Day","['Walt Disney Pictures', '21 Laps Entertainment', 'The Jim Henson Company']",United States,English,28000000,100700000,2014-10-06,Miguel Arteta,72700000,72700000,1,Comedy
Alice Through the Looking Glass,"['Walt Disney Pictures', 'Roth Films', 'Team Todd', 'Tim Burton Productions']",United States,English,170000000,299500000,2016-05-10,James Bobin,129500000,279100000,3,Adventure
Alice in Wonderland,Walt Disney Productions,United States,English,3000000,5600000,1951-07-26,"['Clyde Geronimi', 'Wilfred Jackson', 'Hamilton Luske']",2600000,269000000,3,Adventure
Alice in Wonderland,"['Walt Disney Pictures', 'Roth Films', 'The Zanuck Company', 'Team Todd']",United States,English,200000000,1025000000,2010-02-25,Tim Burton,825000000,1050800000,3,Adventure
Anaganaga O Dheerudu,"['Disney World Cinema', 'A Bellyful of Dreams Entertainment', 'Arka Media Works', 'Walt Disney Pictures India']",India,Telugu,3800000,7000000,2011-01-14,Prakash Kovelamudi,3200000,3200000,1,Fantasy
Angels in the Outfield,"['Walt Disney Pictures', 'Caravan Pictures']",United States,English,31000000,50200000,1994-07-15,William Dear,19200000,19200000,1,Comedy
Around the World in 80 Days,"['Walt Disney Pictures', 'Walden Media', 'Spanknyce Films', 'Mostow/Lieberman Productions']",United Kingdom,"['English', 'French', 'Mandarin Chinese', 'Hindi']",110000000,72200000,2004-06-13,Frank Coraci,-37800000,-37800000,1,Adventure
Arrietty,Studio Ghibli,Japan,Japanese,23000000,146000000,2010-07-17,Hiromasa Yonebayashi,123000000,123000000,1,Animation
Atlantis: The Lost Empire,"['Walt Disney Pictures', 'Walt Disney Feature Animation']",United States,English,90,186100000,2001-06-03,"['Gary Trousdale', 'Kirk Wise']",186099910,826499910,3,Adventure
Babes in Toyland,Walt Disney Productions,United States,English,3000000,4600000,1961-12-14,Jack Donohue,1600000,1600000,1,Musical
Bambi,Walt Disney Productions,United States,English,858000,267400000,1942-08-09,"['Supervising director', 'David Hand', 'Sequence directors', 'James Algar', 'Samuel Armstrong', 'Graham Heid', 'Bill Roberts', 'Paul Satterfield', 'Norman Wright']",266542000,266542000,1,Animation
Bears,"['Disneynature', 'Silverback Films']",United States,English,5000000,21300000,2014-04-18,"['Alastair Fothergill', 'Keith Scholey']",16300000,42200000,2,Documentary
Beauty and the Beast,,United States,English,25000000,440100000,1991-09-29,"['Gary Trousdale', 'Kirk Wise']",415100000,826499910,3,Musical
Beauty and the Beast,"['Walt Disney Pictures', 'Mandeville Films']",United States,English,160,1264000000,2017-02-23,Bill Condon,1263999840,1263999840,1,Musical
Bedknobs and Broomsticks,Walt Disney Productions,United States,English,6300000,17900000,1971-10-07,Robert Stevenson,11600000,162963995.6,4,Musical
Bedtime Stories,"['Walt Disney Pictures', 'Happy Madison Productions', 'Gunn Films', 'Offspring Entertainment', 'Conman & Izzy Productions']",United States,English,80000000,212900000,2008-12-25,Adam Shankman,132900000,275500000,2,Comedy
Beverly Hills Chihuahua,"['Walt Disney Pictures', 'Mandeville Films', 'Smart Entertainment']",United States,English,20000000,149300000,2008-10-03,Raja Gosnell,129300000,129300000,1,Comedy
Big Hero 6,"['Walt Disney Pictures', 'Walt Disney Animation Studios']",United States,English,165000000,657800000,2014-10-23,"['Don Hall', 'Chris Williams']",492800000,492800000,1,Adventure
Blank Check,Walt Disney Pictures,United States,English,13000000,30600000,1994-02-11,Rupert Wainwright,17600000,17600000,1,Comedy
Bolt,"['Walt Disney Pictures', 'Walt Disney Animation Studios']",United States,English,150000000,310000000,2008-11-21,"['Chris Williams', 'Byron Howard']",160000000,160000000,1,Comedy
Bon Voyage!,Walt Disney Productions,United States,English,3000000,5000000,1962-05-17,James Neilson,2000000,2000000,1,Comedy
Born in China,"['Disneynature', 'Shanghai Media Group', 'Chuan Films', 'Brian Leith Productions']","['United States', 'China', 'France']","['English', 'Mandarin', 'French']",5,25100000,2016-08-12,Lu Chuan,25099995,25099995,1,Documentary
Brave,"['Walt Disney Pictures', 'Pixar Animation Studios']","['United Kingdom', 'United States']",English,185000000,540400000,2012-06-10,"['Mark Andrews', 'Brenda Chapman']",355400000,355400000,1,Adventure
Bridge to Terabithia,,United States,English,20,138000000,2007-02-16,Gรกbor Csupรณ,137999980,137999980,1,Drama
Brother Bear,"['Walt Disney Pictures', 'Walt Disney Feature Animation']",United States,English,46000000,250400000,2003-11-01,"['Aaron Blaise', 'Robert Walker']",204400000,204400000,1,Adventure
Cars,"['Walt Disney Pictures', 'Pixar Animation Studios']",United States,English,120000000,462000000,2006-05-26,John Lasseter,342000000,1697800000,5,Animation
Cars 2,"['Walt Disney Pictures', 'Pixar Animation Studios']",United States,English,200000000,562100000,2011-06-18,John Lasseter,362100000,1697800000,5,Animation
Cars 3,"['Walt Disney Pictures', 'Pixar Animation Studios']",United States,English,175000000,383900000,2017-05-23,Brian Fee,208900000,208900000,1,Animation
Cheetah,"['Walt Disney Pictures', 'Silver Screen Partners III']",United States,English,5000000,8153677,1989-08-18,Jeff Blyth,3153677,3153677,1,Adventure
Chicken Little,"['Walt Disney Pictures', 'Walt Disney Feature Animation']",United States,English,150000000,314400000,2005-10-30,Mark Dindal,164400000,233700000,2,Adventure
Chimpanzee,"['Disneynature', 'Great Ape Productions']","['United States', 'France', 'United Kingdom']","['English', 'French']",5000000,34800000,2012-04-20,"['Alastair Fothergill', 'Mark Linfield']",29800000,91800000,2,Documentary
Christopher Robin,"['Walt Disney Pictures', '2DUXยฒ']",United States,English,70000000,197700000,2018-07-30,Marc Forster,127700000,127700000,1,Fantasy
Cinderella,Walt Disney Productions,United States,English,2900000,263600000,1950-02-15,"['Clyde Geronimi', 'Hamilton Luske', 'Wilfred Jackson']",260700000,260700000,1,Drama
Cinderella,"['Walt Disney Pictures', 'Kinberg Genre', 'Allison Shearmur Productions', 'Beagle Pug Films']","['United States', 'United Kingdom']",English,95,542400000,2015-02-13,Kenneth Branagh,542399905,542399905,1,Drama
Coco,"['Walt Disney Pictures', 'Pixar Animation Studios']",United States,English,175000000,807800000,2017-10-20,Lee Unkrich,632800000,1499800000,2,Animation
College Road Trip,"['Walt Disney Pictures', 'Gunn Films', 'Head Gear Films']",United States,English,25000000,51500000,2008-03-07,Roger Kumble,26500000,26500000,1,Comedy
Confessions of a Teenage Drama Queen,Walt Disney Pictures,United States,English,15000000,33100000,2004-02-20,Sara Sugarman,18100000,18100000,1,Comedy
Cool Runnings,Walt Disney Pictures,United States,English,17000000,154900000,1993-10-01,Jon Turteltaub,137900000,825200000,5,Comedy
Dinosaur,"['Walt Disney Pictures', 'Walt Disney Feature Animation', 'The Secret Lab']",United States,English,127500000,349800000,2000-05-19,"['Ralph Zondag', 'Eric Leighton']",222300000,222300000,1,Adventure
Doug's 1st Movie,"['Walt Disney Pictures', 'Jumbo Pictures', 'Walt Disney Television Animation', 'Plus One Animation']",United States,English,5000000,19400000,1999-03-26,Maurice Joyce,14400000,14400000,1,Adventure
Dragonslayer,"['Paramount Pictures', 'Walt Disney Productions']",United States,English,18000000,14100000,1981-06-26,Matthew Robbins,-3900000,-3900000,1,Fantasy
DuckTales the Movie: Treasure of the Lost Lamp,,United States,English,20000000,18100000,1990-08-03,Bob Hathcock,-1900000,-1900000,1,Animation
Dumbo,Walt Disney Productions,United States,English,950000,1300000,1941-10-23,"['Ben Sharpsteen', '(supervising director)', 'Norman Ferguson', 'Wilfred Jackson', 'Bill Roberts', 'Jack Kinney', 'Samuel Armstrong']",350000,350000,1,Animation
Dumbo,"['Walt Disney Pictures', 'Tim Burton Productions', 'Infinite Detective Productions', 'Secret Machine Entertainment']",United States,English,170000000,353300000,2019-03-11,Tim Burton,183300000,1050800000,3,Animation
Earth,"['BBC Worldwide', 'Greenlight Media', 'Discovery Channel', 'BBC Natural History Unit']","['France', 'United Kingdom', 'Germany', 'United States']",English,47000000,109000000,2007-10-10,"['Alastair Fothergill', 'Mark Linfield']",62000000,91800000,2,Documentary
Eight Below,"['Walt Disney Pictures', 'Spyglass Entertainment', 'Mandeville Films', 'The Kennedy/Marshall Company']",United States,English,40000000,120500000,2006-02-17,Frank Marshall,80500000,80500000,1,Adventure
Enchanted,,United States,English,85000000,340500000,2007-10-20,Kevin Lima,255500000,354100000,2,Romantic Comedy
Fantasia,Walt Disney Productions,United States,English,2280000,83300000,1940-11-13,"['Samuel Armstrong', 'James Algar', 'Bill Roberts', 'Paul Satterfield', 'Ben Sharpsteen', 'David D. Hand', 'Hamilton Luske', 'Jim Handley', 'Ford Beebe', 'T. Hee', 'Norman Ferguson', 'Wilfred Jackson']",81020000,81020000,1,Animation
Fantasia 2000,"['Walt Disney Pictures', 'Walt Disney Feature Animation']",United States,English,85000000,90900000,1999-12-16,"['Don Hahn', 'Pixote Hunt', 'Hendel Butoy', 'Eric Goldberg', 'James Algar', 'Francis Glebas', 'Paul and Gaรซtan Brizzi']",5900000,5900000,1,Animation
Finding Dory,"['Walt Disney Pictures', 'Pixar Animation Studios']",United States,English,175,1029000000,2016-06-08,Andrew Stanton,1028999825,2194099825,4,Adventure
Finding Nemo,"['Walt Disney Pictures', 'Pixar Animation Studios']",United States,English,94000000,940300000,2003-05-30,Andrew Stanton,846300000,2194099825,4,Adventure
First Kid,"['Walt Disney Pictures', 'Caravan Pictures', 'Roger Birnbaum Productions']",United States,English,15000000,26491793,1996-08-30,David M. Evans,11491793,11491793,1,Comedy
Flight of the Navigator,"['PSO Productions', 'Viking Film AS']","['United States', 'Norway']",English,9000000,18564613,1986-08-01,Randal Kleiser,9564613,49064613,3,Adventure
Flubber,"['Walt Disney Pictures', 'Great Oaks']",United States,English,80000000,178000000,1997-11-16,Les Mayfield,98000000,98000000,1,Comedy
Frankenweenie,"['Walt Disney Pictures', 'Tim Burton Productions']",United States,English,39000000,81500000,2012-09-20,Tim Burton,42500000,1050800000,3,Comedy
Freaky Friday,Walt Disney Productions,United States,English,5000000,36000000,1976-12-20,Gary Nelson,31000000,46800000,2,Comedy
Freaky Friday,"['Walt Disney Pictures', 'Gunn Films']",United States,English,26000000,160800000,2003-08-04,Mark Waters,134800000,134800000,1,Comedy
Frozen,"['Walt Disney Pictures', 'Walt Disney Animation Studios']",United States,English,150000000,1280000000,2013-11-19,"['Chris Buck', 'Jennifer Lee']",1130000000,2430000000,2,Adventure
Frozen II,"['Walt Disney Pictures', 'Walt Disney Animation Studios']",United States,English,150000000,1450000000,2019-11-07,"['Chris Buck', 'Jennifer Lee']",1300000000,2430000000,2,Animation
G-Force,"['Walt Disney Pictures', 'Jerry Bruckheimer Films']",United States,English,150000000,292800000,2009-07-24,Hoyt H. Yeatman Jr.,142800000,142800000,1,Comedy
George of the Jungle,"['Walt Disney Pictures', 'Mandeville Films', 'Jay Ward Productions', 'The Kerner Entertainment Company']",United States,English,55000000,174400000,1997-07-16,Sam Weisman,119400000,119400000,1,Adventure
Ghosts of the Abyss,"['Walt Disney Pictures', 'Walden Media', 'Earthship Productions', 'Ascot Elite Entertainment Group', 'Golden Village', 'Telepool', 'UGC PH']",United States,English,13000000,28700000,2003-03-31,James Cameron,15700000,15700000,1,Documentary
Glory Road,"['Walt Disney Pictures', 'Jerry Bruckheimer Films', 'Texas Western Productions', 'Glory Road Productions']",United States,English,30000000,42900000,2006-01-13,James Gartner,12900000,12900000,1,Drama
Hannah Montana and Miley Cyrus: Best of Both Worlds Concert,"['Walt Disney Pictures', 'PACE']",United States,English,7000000,70600000,2008-02-01,Bruce Hendricks,63600000,63600000,1,Musical
Hannah Montana: The Movie,"['Walt Disney Pictures', ""It's a Laugh Productions"", 'Millar Gough Ink']",United States,English,30000000,169.2,2009-04-10,Peter Chelsom,-29999830.8,-29999830.8,1,Musical
Herbie: Fully Loaded,"['Walt Disney Pictures', 'Robert Simonds Productions']",United States,English,50000000,144100000,2005-06-22,Angela Robinson,94100000,94100000,1,Comedy
Hercules,,United States,English,85000000,252700000,1997-06-13,"['Ron Clements', 'John Musker']",167700000,993099850,4,Adventure
High School Musical 3: Senior Year,"['Walt Disney Pictures', 'Borden & Rosenbush Entertainment']",United States,English,11000000,252900000,2008-10-17,Kenny Ortega,241900000,246600000,3,Musical
Hocus Pocus,Walt Disney Pictures,United States,English,28000000,44900000,1993-07-16,Kenny Ortega,16900000,246600000,3,Comedy
Holes,"['Walt Disney Pictures', 'Walden Media', 'Phoenix Pictures', 'Chicago Pacific Entertainment']",United States,English,20000000,71400000,2003-04-18,Andrew Davis,51400000,51400000,1,Drama
Home on the Range,"['Walt Disney Pictures', 'Walt Disney Feature Animation']",United States,English,110000000,145500000,2004-04-02,"['Will Finn', 'John Sanford']",35500000,35500000,1,Comedy
"Honey, I Blew Up the Kid","['Walt Disney Pictures', 'Touchwood Pacific Partners']",United States,English,40000000,58700000,1992-07-17,Randal Kleiser,18700000,49064613,3,Comedy
"Honey, I Shrunk the Kids","['Walt Disney Pictures', 'Silver Screen Partners III']",United States,English,18000000,222700000,1989-06-23,Joe Johnston,204700000,216400000,2,Adventure
I'll Be Home for Christmas,"['Walt Disney Pictures', 'Mandeville Films']",United States,English,30000000,12200000,1998-11-13,Arlene Sanford,-17800000,-17800000,1,Comedy
Ice Princess,"['Walt Disney Pictures', 'Bridget Johnson Films', 'On The Ice Productions']",United States,English,25000000,27600000,2005-03-18,Tim Fywell,2600000,2600000,1,Comedy
Incredibles 2,,United States,English,200000000,1243000000,2018-06-05,Brad Bird,1043000000,2263699820,4,Animation
Inside Out,"['Walt Disney Pictures', 'Pixar Animation Studios']",United States,English,175000000,858000000,2015-05-18,Pete Docter,683000000,1602800000,4,Adventure
Inspector Gadget,,United States,English,90000000,134400000,1999-07-23,David Kellogg,44400000,44400000,1,Comedy
Into the Woods,"['Walt Disney Pictures', 'Lucamar Productions', 'Marc Platt Productions']",United States,English,50000000,213100000,2014-12-08,Rob Marshall,163100000,1018000000,3,Musical
Invincible,Walt Disney Pictures,United States,English,30000000,58500000,2006-08-25,Ericson Core,28500000,28500000,1,Drama
James and the Giant Peach,"['Walt Disney Pictures', 'Allied Filmmakers', 'Skellington Productions']","['United Kingdom', 'United States']",English,38000000,28900000,1996-04-12,Henry Selick,-9100000,56400000,2,Adventure
John Carter,Walt Disney Pictures,United States,English,306600000,284100000,2012-02-22,Andrew Stanton,-22500000,2194099825,4,Adventure
Jungle 2 Jungle,"['Walt Disney Pictures', 'TF1 International']","['United States', 'France']",English,32000000,59900000,1997-03-07,John Pasquin,27900000,195700000,2,Comedy
Khoobsurat,"['Walt Disney Pictures India', 'Anil Kapoor Films Company']",India,Hindi,3200000,11000000,2014-09-19,Shashanka Ghosh,7800000,7800000,1,Comedy
Lady and the Tramp,Walt Disney Productions,United States,English,4000000,187000000,1955-06-22,"['Clyde Geronimi', 'Wilfred Jackson', 'Hamilton Luske']",183000000,269000000,3,Drama
Lilo & Stitch,"['Walt Disney Pictures', 'Walt Disney Feature Animation']",United States,English,80000000,273100000,2002-06-21,"['Chris Sanders', 'Dean DeBlois']",193100000,193100000,1,Adventure
Make Mine Music,Walt Disney Productions,United States,English,1350000,3275000,1946-04-20,"['Jack Kinney', 'Clyde Geronimi', 'Hamilton Luske', 'Joshua Meador', 'Robert Cormack']",1925000,1925000,1,Animation
Maleficent,"['Walt Disney Pictures', 'Roth Films']",United States,English,180,758500000,2014-05-28,Robert Stromberg,758499820,758499820,1,Adventure
Maleficent: Mistress of Evil,"['Walt Disney Pictures', 'Roth/Kirschenbaum Films']",United States,English,185000000,492700000,2019-10-18,Joachim Rรธnning,307700000,307700000,1,Fantasy
Man of the House,"['Walt Disney Pictures', 'All Girl Productions', 'Orr & Cruickshank Productions']",United States,English,22000000,40070995,1995-03-03,James Orr,18070995,18070995,1,Comedy
March of the Penguins,"['Wild Bunch', 'National Geographic Films', 'Bonne Pioche']",France,French,8000000,127400000,2005-01-26,Luc Jacquet,119400000,119400000,1,Documentary
Mars Needs Moms,"['Walt Disney Pictures', 'ImageMovers Digital']",United States,English,150000000,39200000,2011-03-11,Simon Wells,-110800000,-110800000,1,Adventure
Mary Poppins,Walt Disney Productions,United States,English,4.4,103100000,1964-08-27,Robert Stevenson,103099995.6,162963995.6,4,Musical
Mary Poppins Returns,"['Walt Disney Pictures', 'Lucamar Productions', 'Marc Platt Productions']",United States,English,130000000,349500000,2018-11-29,Rob Marshall,219500000,1018000000,3,Musical
Max Keeble's Big Move,"['Walt Disney Pictures', 'Karz Entertainment']",United States,English,25000000,18600000,2001-10-05,Tim Hill,-6400000,-6400000,1,Comedy
"McFarland, USA","['Walt Disney Pictures', 'Mayhem Pictures']",United States,English,25000000,45700000,2015-02-09,Niki Caro,20700000,-109300000,2,Drama
Meet the Deedles,"['Walt Disney Pictures', 'DIC Entertainment', 'Peak Productions']",United States,English,24000000,4400000,1998-03-27,Steve Boyum,-19600000,-19600000,1,Comedy
Meet the Robinsons,"['Walt Disney Pictures', 'Walt Disney Animation Studios']",United States,English,150000000,169300000,2007-03-23,Stephen Anderson,19300000,19300000,1,Adventure
Melody Time,Walt Disney Productions,United States,English,1500000,2560000,1948-05-27,"['Jack Kinney', 'Clyde Geronimi', 'Hamilton Luske', 'Wilfred Jackson']",1060000,1060000,1,Animation
Mighty Joe Young,"['Walt Disney Pictures', 'RKO Pictures', 'The Jacobson Company']",United States,English,90000000,50600000,1998-12-25,Ron Underwood,-39400000,-39400000,1,Adventure
Million Dollar Arm,"['Walt Disney Pictures', 'Roth Films', 'Mayhem Pictures']",United States,"['English Hindi', 'English', 'Hindi']",25000000,39200000,2014-05-06,Craig Gillespie,14200000,66299930,2,Drama
Miracle,"['Walt Disney Pictures', 'Mayhem Pictures']",United States,English,28000000,64500000,2004-02-06,Gavin O'Connor,36500000,36500000,1,Drama
Moana,,['United States'],English,150,690800000,2016-11-14,"['Ron Clements', 'John Musker']",690799850,993099850,4,Adventure
Monkey Kingdom,"['Disneynature', 'Silverback Films']",United States,English,5,17100000,2015-04-17,"['Mark Linfield', 'Alastair Fothergill']",17099995,17099995,1,Documentary
Monsters University,,United States,English,200000000,743600000,2013-06-05,Dan Scanlon,543600000,685499825,2,Adventure
"Monsters, Inc.","['Walt Disney Pictures', 'Pixar Animation Studios']",United States,English,115000000,577400000,2001-10-28,Pete Docter,462400000,1602800000,4,Adventure
Mr. Magoo,"['Walt Disney Pictures', 'UPA Productions']",United States,English,30000000,28900000,1997-12-25,Stanley Tong,-1100000,-1100000,1,Comedy
Mulan,"['Walt Disney Pictures', 'Jason T. Reed Productions', 'Good Fear Productions']",United States,English,200000000,70000000,2020-03-09,Niki Caro,-130000000,-109300000,2,Adventure
Mulan,"['Walt Disney Pictures', 'Walt Disney Feature Animation']",United States,English,90000000,304300000,1998-06-19,"['Barry Cook', 'Tony Bancroft']",214300000,214300000,1,Adventure
Muppet Treasure Island,"['Walt Disney Pictures', 'Jim Henson Productions']",United States,English,31000000,34300000,1996-02-16,Brian Henson,3300000,18500000,2,Adventure
Muppets Most Wanted,"['Walt Disney Pictures', 'Mandeville Films']",United States,English,51000000,80400000,2014-03-11,James Bobin,29400000,279100000,3,Comedy
My Favorite Martian,Walt Disney Pictures,United States,English,65000000,36800000,1999-02-12,Donald Petrie,-28200000,-28200000,1,Comedy
National Treasure,"['Walt Disney Pictures', 'Jerry Bruckheimer Films', 'Junction Entertainment', 'Saturn Films']",United States,English,100000000,347500000,2004-11-19,Jon Turteltaub,247500000,825200000,5,Adventure
National Treasure: Book of Secrets,"['Walt Disney Pictures', 'Jerry Bruckheimer Films', 'Junction Entertainment', 'Saturn Films']",United States,English,130000000,459200000,2007-12-21,Jon Turteltaub,329200000,825200000,5,Adventure
Never Cry Wolf,"['Walt Disney Pictures', 'Amarok Productions Ltd.']",United States,"['English', 'Inuktitut']",11000000,27600000,1983-10-07,Carroll Ballard,16600000,16600000,1,Drama
Newsies,Walt Disney Pictures,United States,English,15000000,2800000,1992-04-10,Kenny Ortega,-12200000,246600000,3,Musical
Night at the Museum,"['21 Laps Entertainment', 'Ingenious Film Partners ( 1โ€“2 )', '1492 Pictures', 'Dune Entertainment ( 1โ€“2 )', 'TSG Entertainment ( 3 )', '20th Century Animation (4)', '20th Century Studios', 'Walt Disney Studios Motion Pictures']",United States,English,387000000,1310000000,,Shawn Levy,923000000,923000000,1,Fantasy
Oceans,"['Pathรฉ', 'Participant Media', 'Galatรฉe Films', 'Notro Films', 'France 2 Cinรฉma', 'France 3 Cinรฉma', 'Canal+', 'TPS Star', 'Alfred P. Sloan Foundation', 'Census of Marine Life']",France,French,80000000,82700000,2009-10-17,"['Jacques Perrin', 'Jacques Cluzaud', '(co-director)']",2700000,2700000,1,Documentary
Old Dogs,"['Walt Disney Pictures', 'Tapestry Films']",United States,English,35000000,96800000,2009-11-25,Walt Becker,61800000,61800000,1,Comedy
Oliver & Company,"['Walt Disney Pictures', 'Walt Disney Feature Animation', 'Silver Screen Partners III']",United States,English,31000000,121000000,1988-11-18,George Scribner,90000000,90000000,1,Adventure
One Hundred and One Dalmatians,Walt Disney Productions,United States,English,3600000,303000000,1961-01-25,"['Clyde Geronimi', 'Hamilton Luske', 'Wolfgang Reitherman']",299400000,299400000,1,Animation
Onward,"['Walt Disney Pictures', 'Pixar Animation Studios']",United States,English,175,141900000,2020-02-21,Dan Scanlon,141899825,685499825,2,Animation
Operation Dumbo Drop,"['Walt Disney Pictures', 'Interscope Communications', 'PolyGram Filmed Entertainment']",,"['English', 'Vietnamese']",24000000,24670346,1995-07-28,Simon Wincer,670346,670346,1,Adventure
Oz the Great and Powerful,,United States,English,200,493300000,2013-02-14,Sam Raimi,493299800,493299800,1,Adventure
Pete's Dragon,,United States,English,65000000,143700000,2016-08-08,David Lowery,78700000,78700000,1,Fantasy
Pete's Dragon,Walt Disney Productions,United States,English,10000000,36,1977-11-03,Don Chaffey,-9999964,-9999964,1,Fantasy
Peter Pan,Walt Disney Productions,United States,English,4000000,87400000,1953-02-05,"['Clyde Geronimi', 'Wilfred Jackson', 'Hamilton Luske']",83400000,269000000,3,Fantasy
Piglet's Big Movie,"['DisneyToon Studios', 'Walt Disney Pictures']",United States,English,46000000,62900000,2003-03-16,Francis Glebas,16900000,16900000,1,Comedy
Pinocchio,Walt Disney Productions,United States,English,2600000,164000000,1940-02-07,"['Ben Sharpsteen', 'Hamilton Luske', 'Bill Roberts', 'Norman Ferguson', 'Jack Kinney', 'Wilfred Jackson', 'T. Hee']",161400000,161400000,1,Adventure
Pirates of the Caribbean: At World's End,,United States,English,300000000,961000000,2007-05-19,Gore Verbinski,661000000,2276799775,4,Adventure
Pirates of the Caribbean: Dead Man's Chest,,United States,English,225000000,1066000000,2006-06-24,Gore Verbinski,841000000,2276799775,4,Adventure
Pirates of the Caribbean: Dead Men Tell No Tales,"['Walt Disney Pictures', 'Jerry Bruckheimer Films']",United States,English,230,794900000,2017-05-11,"['Joachim Rรธnning', 'Espen Sandberg']",794899770,794899770,1,Adventure
Pirates of the Caribbean: On Stranger Tides,,United States,English,410600000,1046000000,2011-05-07,Rob Marshall,635400000,1018000000,3,Adventure
Pirates of the Caribbean: The Curse of the Black Pearl,,United States,English,140000000,654300000,2003-06-28,Gore Verbinski,514300000,2276799775,4,Adventure
Planes,"['Walt Disney Pictures', 'Disneytoon Studios']",United States,English,50000000,239300000,2013-08-02,Klay Hall,189300000,189300000,1,Animation
Planes: Fire & Rescue,"['Walt Disney Pictures', 'Disneytoon Studios']",United States,English,50000000,147000000,2014-07-15,Bobs Gannaway,97000000,97000000,1,Animation
Pocahontas,"['Walt Disney Pictures', 'Walt Disney Feature Animation']",United States,English,55000000,346100000,1995-06-23,"['Mike Gabriel', 'Eric Goldberg']",291100000,291100000,1,Adventure
Pollyanna,Walt Disney Productions,United States,English,2500000,3750000,1960-05-19,David Swift,1250000,1250000,1,Drama
Pooh's Heffalump Movie,"['Walt Disney Pictures', 'Disneytoon Studios']",United States,English,20000000,52900000,2005-02-11,Frank Nissen,32900000,32900000,1,Adventure
Popeye,"['Paramount Pictures', 'Walt Disney Productions', 'Robert Evans Productions', 'King Features Entertainment']",United States,English,20000000,60000000,1980-12-06,Robert Altman,40000000,40000000,1,Comedy
Prince of Persia: The Sands of Time,,United States,English,200000000,336400000,2010-05-09,Mike Newell,136400000,136400000,1,Fantasy
Prom,Walt Disney Pictures,United States,English,8000000,10700000,2011-04-29,Joe Nussbaum,2700000,2700000,1,Comedy
Queen of Katwe,,United States,"['English', 'Luganda']",15000000,10400000,2016-09-10,Mira Nair,-4600000,-4600000,1,Drama
Race to Witch Mountain,"['Walt Disney Pictures', 'Gunn Films']",United States,English,50000000,106400000,2009-03-11,Andy Fickman,56400000,181000000,2,Adventure
Ralph Breaks the Internet,,United States,English,175000000,529300000,2018-11-05,"['Rich Moore', 'Phil Johnston']",354300000,354300000,1,Animation
Ratatouille,,United States,English,150000000,620700000,2007-06-22,Brad Bird,470700000,2263699820,4,Comedy
Recess: School's Out,"['Walt Disney Pictures', 'Walt Disney Television Animation', 'Walt Disney Television Animation Digital Production', 'Paul & Joe Productions', 'Sunwoo Animation Sunwoo Digital International']",United States,English,23000000,44500000,2001-02-10,Chuck Sheetz,21500000,21500000,1,Comedy
Remember The Titans,"['Walt Disney Pictures', 'Jerry Bruckheimer Films', 'Technical Black Films']",United States,English,30000000,136700000,2000-09-29,Boaz Yakin,106700000,106700000,1,Drama
Return to Never Land,,United States,English,20000000,115100000,2002-02-10,Robin Budd,95100000,95100000,1,Animation
Return to Oz,"['Walt Disney Pictures', 'Silver Screen Partners II']","['United States', 'United Kingdom']",English,28000000,11100000,1985-06-21,Walter Murch,-16900000,-16900000,1,Adventure
Robin Hood,Walt Disney Productions,United States,English,5000000,32000000,1973-11-08,Wolfgang Reitherman,27000000,607200000,4,Animation
RocketMan,"['Walt Disney Pictures', 'Caravan Pictures', 'Roger Birnbaum Productions']",United States,English,16000000,15400000,1997-10-10,Stuart Gillard,-600000,-600000,1,Comedy
Roving Mars,"['Walt Disney Pictures', 'White Mountain Films', 'The Kennedy/Marshall Company']",United States,English,1000000,11000000,2006-01-27,George Butler,10000000,10000000,1,Documentary
Rudyard Kipling's The Jungle Book,,United States,English,30000000,43200000,1994-12-25,Stephen Sommers,13200000,30800000,2,Adventure
Saving Mr. Banks,"['Walt Disney Pictures', 'Ruby Films', 'Essential Media and Entertainment', 'BBC Films', 'Hopscotch Features']","['Australia', 'United Kingdom', 'United States']",English,35000000,117900000,2013-10-20,John Lee Hancock,82900000,141600000,2,Drama
Secretariat,"['Walt Disney Pictures', 'Mayhem Pictures']",United States,English,35000000,60300000,2010-09-30,Randall Wallace,25300000,25300000,1,Drama
Shipwrecked,"['Walt Disney Pictures', 'AB Svensk Filmindustri']","['Norway', 'Sweden', 'United States']","['Norwegian', 'English']",8700000,15100000,1990-10-03,Nils Gaup,6400000,6400000,1,Adventure
Sky High,"['Walt Disney Pictures', 'Gunn Films']",United States,English,35000000,86400000,2005-07-29,Mike Mitchell,51400000,51400000,1,Adventure
Sleeping Beauty,Walt Disney Productions,United States,English,6000000,51600000,1959-01-29,"['Clyde Geronimi (supervising)', 'Eric Larson', 'Wolfgang Reitherman', 'Les Clark']",45600000,45600000,1,Drama
Snow Dogs,"['Walt Disney Pictures', 'The Kerner Entertainment Company']",United States,English,33000000,115000000,2002-01-18,Brian Levant,82000000,82000000,1,Comedy
Snow White and the Seven Dwarfs,Walt Disney Productions,United States,English,1490000,418000000,1937-12-21,"['David Hand (supervising)', 'William Cottrell', 'Wilfred Jackson', 'Larry Morey', 'Perce Pearce', 'Ben Sharpsteen']",416510000,416510000,1,Musical
So Dear to My Heart,Walt Disney Productions,United States,English,1500000,3700000,1948-11-29,"['Harold D. Schuster', 'Hamilton Luske']",2200000,2200000,1,Drama
Something Wicked This Way Comes,"['Walt Disney Productions', 'Bryna Productions']",United States,English,20000000,8400000,1983-04-29,Jack Clayton,-11600000,-11600000,1,Horror
Song of the South,Walt Disney Productions,United States,English,2125000,65000000,1946-11-12,"['Live action:', 'Harve Foster', 'Animation:', 'Wilfred Jackson']",62875000,62875000,1,Adventure
Soul,,United States,English,150000000,47300000,2020-10-11,Pete Docter,-102700000,1602800000,4,Animation
Swiss Family Robinson,Walt Disney Productions,United States,English,4000000,40000000,1960-12-21,Ken Annakin,36000000,34700000,3,Adventure
Tall Tale,"['Walt Disney Pictures', 'Caravan Pictures']",United States,English,32000000,11000000,1995-03-24,Jeremiah S. Chechik,-21000000,-21000000,1,Western
Tangled,"['Walt Disney Pictures', 'Walt Disney Animation Studios']",United States,English,260000000,592400000,2010-11-14,"['Nathan Greno', 'Byron Howard']",332400000,332400000,1,Adventure
Tarzan,,United States,English,130000000,448200000,1999-06-12,"['Kevin Lima', 'Chris Buck']",318200000,318200000,1,Adventure
Teacher's Pet,"['Walt Disney Pictures', 'Walt Disney Television Animation', 'Toon City Animation']",United States,English,10000000,6500000,2004-01-16,Timothy Bjรถrklund,-3500000,-3500000,1,Animation
Tex,Walt Disney Productions (promoted under the auspices of Touchstone Films ),United States,English,5000000,7400000,1982-07-30,Tim Hunter,2400000,2400000,1,Drama
The Adventures of Huck Finn,Walt Disney Pictures,United States,English,6500000,24100000,1993-04-02,Stephen Sommers,17600000,30800000,2,Adventure
The Aristocats,Walt Disney Productions,United States,English,4000000,191000000,1970-12-11,Wolfgang Reitherman,187000000,607200000,4,Musical
The BFG,,United States,English,140000000,195200000,2016-05-14,Steven Spielberg,55200000,55200000,1,Adventure
The Big Green,"['Walt Disney Pictures', 'Caravan Pictures', 'Roger Birnbaum Productions']",United States,English,12000000,17700000,1995-09-29,Holly Goldberg Sloan,5700000,5700000,1,Comedy
The Black Cauldron,"['Walt Disney Pictures', 'Walt Disney Feature Animation', 'Silver Screen Partners II']",United States,English,44000000,21300000,1985-07-26,"['Ted Berman', 'Richard Rich']",-22700000,-22700000,1,Adventure
The Black Hole,Walt Disney Productions,United States,English,20000000,35800000,1979-12-18,Gary Nelson,15800000,46800000,2,Sci-Fi
The Book of Masters,"['The Walt Disney Company CIS', '(Russia)', 'Trite (Russia)']",Russia,Russian,8000000,11300000,,Vadim Sokolovsky,3300000,3300000,1,Fantasy
The Chronicles of Narnia: Prince Caspian,"['Walt Disney Pictures', 'Walden Media']","['United Kingdom', 'United States']",English,225000000,419700000,2008-05-07,Andrew Adamson,194700000,759700000,2,Fantasy
"The Chronicles of Narnia: The Lion, the Witch and the Wardrobe","['Walt Disney Pictures', 'Walden Media']","['United Kingdom', 'United States']",English,180000000,745000000,2005-12-07,Andrew Adamson,565000000,759700000,2,Fantasy
The Country Bears,Walt Disney Pictures,United States,English,35000000,18000000,2002-07-21,Peter Hastings,-17000000,-17000000,1,Adventure
The Emperor's New Groove,"['Walt Disney Pictures', 'Walt Disney Feature Animation']",United States,English,100000000,169300000,2000-12-15,Mark Dindal,69300000,233700000,2,Adventure
The Finest Hours,"['Walt Disney Pictures', 'Whitaker Entertainment', 'Red Hawk Entertainment']",United States,English,70,52100000,2016-01-25,Craig Gillespie,52099930,66299930,2,Thriller/Suspense
The Fox and the Hound,Walt Disney Productions,United States,English,12000000,63500000,1981-07-10,"['Ted Berman', 'Richard Rich', 'Art Stevens']",51500000,51500000,1,Comedy
The Game Plan,"['Walt Disney Pictures', 'Mayhem Pictures']",United States,English,22000000,146600000,2007-09-23,Andy Fickman,124600000,181000000,2,Comedy
The Good Dinosaur,,United States,English,175000000,332200000,2015-11-10,Peter Sohn,157200000,157200000,1,Adventure
The Great Mouse Detective,"['Walt Disney Pictures', 'Walt Disney Feature Animation', 'Silver Screen Partners II']",United States,English,14000000,38700000,1986-07-02,"['John Musker', 'Dave Michener', 'Ron Clements', 'Burny Mattinson']",24700000,24700000,1,Adventure
The Greatest Game Ever Played,Walt Disney Pictures,United States,English,25000000,15400000,2005-09-30,Bill Paxton,-9600000,-9600000,1,Drama
The Happiest Millionaire,Walt Disney Productions,United States,English,5000000,5000000,1967-06-23,Norman Tokar,0,0,1,Musical
The Haunted Mansion,Walt Disney Pictures,United States,English,90000000,182300000,2003-11-26,Rob Minkoff,92300000,92300000,1,Comedy
The Hunchback of Notre Dame,"['Walt Disney Pictures', 'Walt Disney Feature Animation']",United States,English,100000000,325300000,1996-06-21,"['Gary Trousdale', 'Kirk Wise']",225300000,826499910,3,Adventure
The Incredibles,,United States,English,92000000,633000000,2004-10-27,Brad Bird,541000000,2263699820,4,Adventure
The Island at the Top of the World,Walt Disney Productions,United States,"['English', 'Swedish', 'Norwegian', 'Danish', 'Icelandic']",8000000,10000000,1974-12-20,Robert Stevenson,2000000,162963995.6,4,Fantasy
The Jungle Book,Walt Disney Productions,United States,English,4000000,378000000,1967-10-18,Wolfgang Reitherman,374000000,607200000,4,Adventure
The Jungle Book,"['Walt Disney Pictures', 'Fairview Entertainment']",United States,English,175,966600000,2016-04-04,Jon Favreau,966599825,2623599575,2,Adventure
The Jungle Book 2,"['DisneyToon Studios', 'Walt Disney Pictures']","['United States', 'Australia']",English,20000000,135700000,2003-02-14,Steve Trenbirth,115700000,115700000,1,Adventure
The Kid,Walt Disney Pictures,United States,English,65000000,110300000,2000-07-07,Jon Turteltaub,45300000,825200000,5,Comedy
The Last Flight of Noah's Ark,Walt Disney Productions,United States,English,6000000,11000000,1980-07-09,Charles Jarrott,5000000,5000000,1,Adventure
The Lion King,"['Walt Disney Pictures', 'Fairview Entertainment']",United States,English,250,1657000000,2019-07-09,Jon Favreau,1656999750,2623599575,2,Adventure
The Lion King,"['Walt Disney Pictures', 'Walt Disney Feature Animation']",United States,English,45000000,968500000,1994-06-15,"['Roger Allers', 'Rob Minkoff']",923500000,923500000,1,Adventure
The Living Desert,Walt Disney Productions,United States,English,300000,2600000,1953-11-10,James Algar,2300000,2300000,1,Documentary
The Lizzie McGuire Movie,"['Walt Disney Pictures', 'Stan Rogow Productions']",United States,"['English', 'Italian']",17000000,55500000,2003-05-02,Jim Fall,38500000,38500000,1,Comedy
The Lone Ranger,"['Walt Disney Pictures', 'Jerry Bruckheimer Films', 'Infinitum Nihil', 'Blind Wink Productions']",United States,English,225,260500000,2013-06-22,Gore Verbinski,260499775,2276799775,4,Western
The Love Bug,Walt Disney Productions,United States,English,5000000,51264000,1968-12-24,Robert Stevenson,46264000,162963995.6,4,Comedy
The Man from Snowy River II,"['Walt Disney Pictures', 'Silver Screen Partners III', 'Burrowes Film Group', 'The Hoyts Group']",Australia,English,8700000,13687027,1988-03-24,Geoff Burrowes,4987027,4987027,1,Drama
The Mighty Ducks,"['Walt Disney Pictures', 'Avnetโ€“ Kerner Productions', 'Touchwood Pacific Partners']",United States,English,14000000,50800000,1992-10-02,Stephen Herek,36800000,306400000,3,Comedy
The Muppet Christmas Carol,,United States,English,12000000,27200000,1992-12-11,Brian Henson,15200000,18500000,2,Comedy
The Muppets,"['Walt Disney Pictures', 'Mandeville Films']",United States,English,45000000,165200000,2011-11-04,James Bobin,120200000,279100000,3,Comedy
The Nightmare Before Christmas,"['Touchstone Pictures', 'Skellington Productions']",United States,English,26000000,91500000,1993-10-29,Henry Selick,65500000,56400000,2,Musical
The Nutcracker and the Four Realms,"['Walt Disney Pictures', 'The Mark Gordon Company']",United States,English,120,174000000,2018-10-29,"['Lasse Hallstrรถm', 'Joe Johnston']",173999880,173999880,1,Fantasy
The Odd Life of Timothy Green,"['Walt Disney Pictures', 'Scott Sanders Productions']",United States,English,25000000,56000000,2012-08-15,Peter Hedges,31000000,31000000,1,Drama
The Pacifier,"['Walt Disney Pictures', 'Spyglass Entertainment']",United States,English,56000000,198600000,2005-03-04,Adam Shankman,142600000,275500000,2,Comedy
The Parent Trap,Walt Disney Pictures,United States,English,15000000,92100000,1998-07-29,Nancy Meyers,77100000,77100000,1,Comedy
The Princess Diaries,"['Walt Disney Pictures', 'BrownHouse Productions']",United States,English,26000000,165300000,2001-08-03,Garry Marshall,139300000,229000000,2,Romantic Comedy
The Princess Diaries 2: Royal Engagement,,United States,English,45000000,134700000,2004-08-11,Garry Marshall,89700000,229000000,2,Adventure
The Princess and the Frog,"['Walt Disney Pictures', 'Walt Disney Animation Studios']",United States,English,105000000,270000000,2009-11-25,"['Ron Clements', 'John Musker']",165000000,993099850,4,Romantic Comedy
The Reluctant Dragon,Walt Disney Productions,United States,English,600000,960000,1941-06-20,"['Alfred Werker', '(live action)', 'Hamilton Luske', '(animation)', 'Jack Cutting', ',', 'Ub Iwerks', ',', 'Jack Kinney', '(sequence directors)']",360000,360000,1,Animation
The Rescuers,Walt Disney Productions,United States,English,7500000,169000000,1977-06-22,"['Wolfgang Reitherman', 'John Lounsbery', 'Art Stevens']",161500000,161500000,1,Adventure
The Rocketeer,,United States,English,35000000,46700000,1991-06-21,Joe Johnston,11700000,216400000,2,Action
The Rookie,Walt Disney Pictures,United States,English,22000000,80700000,2002-03-29,John Lee Hancock,58700000,141600000,2,Drama
The Santa Clause,"['Walt Disney Pictures', 'Hollywood Pictures', 'Outlaw Productions']",United States,English,22000000,189800000,1994-11-11,John Pasquin,167800000,195700000,2,Comedy
The Santa Clause 2,"['Walt Disney Pictures', 'Outlaw Productions', 'Boxing Cat Films']",United States,English,65000000,172900000,2002-11-01,Michael Lembeck,107900000,206700000,2,Comedy
The Santa Clause 3: The Escape Clause,"['Walt Disney Pictures', 'Outlaw Productions', 'Boxing Cat Films']",United States,English,12000000,110800000,2006-11-03,Michael Lembeck,98800000,206700000,2,Comedy
The Shaggy Dog,Walt Disney Productions,United States,English,1000000,12300000,1959-03-19,Charles Barton,11300000,11300000,1,Comedy
The Shaggy Dog,"['Walt Disney Pictures', 'Mandeville Films', 'Boxing Cat Films']",United States,English,50000000,87100000,2006-03-10,Brian Robbins,37100000,37100000,1,Comedy
The Sorcerer's Apprentice,"['Walt Disney Pictures', 'Jerry Bruckheimer Films', 'Saturn Films', 'Broken Road Productions']",United States,English,150000000,215300000,2010-07-08,Jon Turteltaub,65300000,825200000,5,Adventure
The Straight Story,"['Asymmetrical Productions', 'Canal+', 'FilmFour Productions', 'Ciby 2000', 'Le Studio Canal+']","['United States', 'United Kingdom', 'France']",English,10000000,6200000,,David Lynch,-3800000,-3800000,1,Drama
The Sword and the Rose,Walt Disney Productions,"['United Kingdom', 'United States']",English,2000000,1000000,1953-08-08,Ken Annakin,-1000000,34700000,3,Romance
The Sword in the Stone,Walt Disney Productions,United States,English,3000000,22200000,1963-12-25,Wolfgang Reitherman,19200000,607200000,4,Adventure
The Three Musketeers,"['Walt Disney Pictures', 'Caravan Pictures', 'Avnetโ€“Kerner Productions (uncredited)']","['United States', 'Austria']",English,30000000,53900000,1993-11-12,Stephen Herek,23900000,306400000,3,Adventure
The Tigger Movie,"['Walt Disney Pictures', 'Walt Disney Television Animation', 'Walt Disney Animation Japan']",United States,English,15000000,96200000,2000-02-11,"['Jun Falkenstein', 'Andrew Stanton']",81200000,81200000,1,Adventure
The Watcher in the Woods,Walt Disney Productions,United States,English,9000000,5000000,1980-04-17,"['John Hough', 'Vincent McEveety (uncredited)']",-4000000,-4000000,1,Horror
The Wild,"['Walt Disney Pictures', 'Hoytyboy Pictures', 'Sir Zip Productions', 'Contrafilm', 'C.O.R.E. Feature Animation']","['United States', 'Canada']",English,80000000,102300000,2006-04-14,"Steve ""Spaz"" Williams",22300000,22300000,1,Adventure
Third Man on the Mountain,Walt Disney Productions,United States,English,2000000,1700000,1959-11-10,Ken Annakin,-300000,34700000,3,Adventure
Tomorrowland,"['Walt Disney Pictures', 'A113 Productions']",United States,English,180,209000000,2015-05-09,Brad Bird,208999820,2263699820,4,Adventure
Toy Story,,United States,English,30000000,373000000,1995-11-19,John Lasseter,343000000,1697800000,5,Adventure
Toy Story 2,,United States,English,90000000,497400000,1999-11-13,John Lasseter,407400000,1697800000,5,Adventure
Toy Story 3,"['Walt Disney Pictures', 'Pixar Animation Studios']",United States,English,200000000,1067000000,2010-06-12,Lee Unkrich,867000000,1499800000,2,Adventure
Toy Story 4,,United States,English,200000000,1073000000,2019-06-11,Josh Cooley,873000000,873000000,1,Adventure
Treasure Island,Walt Disney Productions,"['United States', 'United Kingdom']",English,1800000,4100000,1950-06-22,Byron Haskin,2300000,2300000,1,Adventure
Treasure Planet,"['Walt Disney Pictures', 'Walt Disney Feature Animation']",United States,English,140000000,109600000,2002-11-27,"['Ron Clements', 'John Musker']",-30400000,993099850,4,Adventure
Tron: Legacy,,United States,English,170000000,400100000,2010-11-30,Joseph Kosinski,230100000,230100000,1,Adventure
Tuck Everlasting,"['Walt Disney Pictures', 'Scholastic Studios']",United States,English,15000000,19300000,2002-10-11,Jay Russell,4300000,4300000,1,Drama
Underdog,,United States,English,25000000,65300000,2007-08-03,Frederik Du Chau,40300000,40300000,1,Adventure
Up,"['Walt Disney Pictures', 'Pixar Animation Studios']",United States,English,175000000,735100000,2009-05-29,Pete Docter,560100000,1602800000,4,Adventure
Valiant,"['Vanguard Animation', 'Ealing Studios', 'UK Film Council', 'Take Film Partnerships', 'Odyssey Entertainment']","['United Kingdom', 'United States']",English,35000000,61700000,2005-03-25,Gary Chapman,26700000,26700000,1,Adventure
Victory Through Air Power,Walt Disney Productions,United States,English,788000,799000,1943-07-17,"['Animated sequences:', 'James Algar', 'Clyde Geronimi', 'Jack Kinney', 'de Seversky scenes:', 'H.C. Potter']",11000,11000,1,Documentary
WALL-E,,United States,,180000000,521300000,2008-06-23,Andrew Stanton,341300000,2194099825,4,Adventure
White Fang,"['Walt Disney Pictures', 'Silver Screen Partners IV']",United States,English,14000000,34800000,1991-01-18,Randal Kleiser,20800000,49064613,3,Adventure
Winnie the Pooh,,United States,English,30000000,50100000,2011-04-06,"['Stephen Anderson', 'Don Hall']",20100000,20100000,1,Adventure
Wreck-It Ralph,"['Walt Disney Pictures', 'Walt Disney Animation Studios']",United States,English,165000000,471200000,2012-10-29,Rich Moore,306200000,306200000,1,Adventure
Zootopia,"['Walt Disney Pictures', 'Walt Disney Animation Studios']",United States,English,150000000,1024000000,2016-02-13,"['Byron Howard', 'Rich Moore']",874000000,874000000,1,Adventure
